State,City,Place,Date,Average PM2.5,Average PM10,PEFR
Uttar Pradesh,Lucknow,Gomti Nagar-UPPCB,1/1/2022,130.00,36.00,312
Uttar Pradesh,Lucknow,Gomti Nagar-UPPCB,1/2/2022,157.00,48.00,300
Uttar Pradesh,Lucknow,Gomti Nagar-UPPCB,1/3/2022,213.00,61.00,250
Uttar Pradesh,Lucknow,Gomti Nagar-UPPCB,1/4/2022,232.00,81.00,244
Uttar Pradesh,Lucknow,Gomti Nagar-UPPCB,1/5/2022,252.00,162.00,230
Uttar Pradesh,Lucknow,Gomti Nagar-UPPCB,1/6/2022,287.00,164.00,220
Uttar Pradesh,Lucknow,Gomti Nagar-UPPCB,1/7/2022,85.00,86.00,320
Uttar Pradesh,Lucknow,Gomti Nagar-UPPCB,1/8/2022,41.00,56.00,334
Uttar Pradesh,Lucknow,Gomti Nagar-UPPCB,1/9/2022,31.00,38.00,336
Uttar Pradesh,Lucknow,Gomti Nagar-UPPCB,1/10/2022,60.00,82.00,342
Uttar Pradesh,Lucknow,Gomti Nagar-UPPCB,1/11/2022,37.00,55.00,356
Uttar Pradesh,Lucknow,Gomti Nagar-UPPCB,1/12/2022,58.00,90.00,345
Uttar Pradesh,Lucknow,Gomti Nagar-UPPCB,1/13/2022,55.00,92.00,350
Uttar Pradesh,Lucknow,Gomti Nagar-UPPCB,1/14/2022,69.00,97.00,352
Uttar Pradesh,Lucknow,Gomti Nagar-UPPCB,1/15/2022,74.00,100.00,337
Uttar Pradesh,Lucknow,Gomti Nagar-UPPCB,1/16/2022,79.00,109.00,324
Uttar Pradesh,Lucknow,Gomti Nagar-UPPCB,1/17/2022,75.50,110.00,321
Uttar Pradesh,Lucknow,Gomti Nagar-UPPCB,1/18/2022,72.00,113.00,319
Uttar Pradesh,Lucknow,Gomti Nagar-UPPCB,1/19/2022,80.00,116.00,308
Uttar Pradesh,Lucknow,Gomti Nagar-UPPCB,1/20/2022,146.00,178.00,246
Uttar Pradesh,Lucknow,Gomti Nagar-UPPCB,1/21/2022,173.00,184.00,243
Uttar Pradesh,Lucknow,Gomti Nagar-UPPCB,1/22/2022,203.00,158.00,246
Uttar Pradesh,Lucknow,Gomti Nagar-UPPCB,1/23/2022,126.00,106.00,289
Uttar Pradesh,Lucknow,Gomti Nagar-UPPCB,1/24/2022,151.00,130.00,297
Uttar Pradesh,Lucknow,Gomti Nagar-UPPCB,1/25/2022,83.00,107.00,307
Uttar Pradesh,Lucknow,Gomti Nagar-UPPCB,1/26/2022,69.00,94.00,317
Uttar Pradesh,Lucknow,Gomti Nagar-UPPCB,1/27/2022,101.00,115.00,302
Uttar Pradesh,Lucknow,Gomti Nagar-UPPCB,1/28/2022,102.00,112.00,299
Uttar Pradesh,Lucknow,Gomti Nagar-UPPCB,1/29/2022,137.00,119.00,303
Uttar Pradesh,Lucknow,Gomti Nagar-UPPCB,1/30/2022,115.00,114.00,289
Uttar Pradesh,Lucknow,Gomti Nagar-UPPCB,1/31/2022,121.00,114.00,279
Uttar Pradesh,Lucknow,Gomti Nagar-UPPCB,2/1/2022,148.00,126.00,304
Uttar Pradesh,Lucknow,Gomti Nagar-UPPCB,2/2/2022,142.00,126.00,308
Uttar Pradesh,Lucknow,Gomti Nagar-UPPCB,2/3/2022,163.00,138.00,296
Uttar Pradesh,Lucknow,Gomti Nagar-UPPCB,2/4/2022,58.00,69.00,326
Uttar Pradesh,Lucknow,Gomti Nagar-UPPCB,2/5/2022,54.00,54.00,357
Uttar Pradesh,Lucknow,Gomti Nagar-UPPCB,2/6/2022,75.00,82.00,335
Uttar Pradesh,Lucknow,Gomti Nagar-UPPCB,2/7/2022,140.00,126.00,268
Uttar Pradesh,Lucknow,Gomti Nagar-UPPCB,2/8/2022,100.00,107.00,289
Uttar Pradesh,Lucknow,Gomti Nagar-UPPCB,2/9/2022,104.00,111.00,278
Uttar Pradesh,Lucknow,Gomti Nagar-UPPCB,2/10/2022,52.00,60.00,367
Uttar Pradesh,Lucknow,Gomti Nagar-UPPCB,2/11/2022,55.00,77.00,378
Uttar Pradesh,Lucknow,Gomti Nagar-UPPCB,2/12/2022,38.00,64.00,379
Uttar Pradesh,Lucknow,Gomti Nagar-UPPCB,2/13/2022,67.00,91.00,325
Uttar Pradesh,Lucknow,Gomti Nagar-UPPCB,2/14/2022,118.00,120.00,297
Uttar Pradesh,Lucknow,Gomti Nagar-UPPCB,2/15/2022,154.00,152.00,267
Uttar Pradesh,Lucknow,Gomti Nagar-UPPCB,2/16/2022,74.00,97.00,356
Uttar Pradesh,Lucknow,Gomti Nagar-UPPCB,2/17/2022,67.00,98.00,345
Uttar Pradesh,Lucknow,Gomti Nagar-UPPCB,2/18/2022,56.00,86.00,367
Uttar Pradesh,Lucknow,Gomti Nagar-UPPCB,2/19/2022,56.00,92.00,369
Uttar Pradesh,Lucknow,Gomti Nagar-UPPCB,2/20/2022,36.00,66.00,389
Uttar Pradesh,Lucknow,Gomti Nagar-UPPCB,2/21/2022,46.00,83.00,378
Uttar Pradesh,Lucknow,Gomti Nagar-UPPCB,2/22/2022,133.00,118.00,345
Uttar Pradesh,Lucknow,Gomti Nagar-UPPCB,2/23/2022,171.00,130.00,246
Uttar Pradesh,Lucknow,Gomti Nagar-UPPCB,2/24/2022,91.00,105.00,327
Uttar Pradesh,Lucknow,Gomti Nagar-UPPCB,2/25/2022,132.00,117.00,298
Uttar Pradesh,Lucknow,Gomti Nagar-UPPCB,2/26/2022,97.00,106.00,265
Uttar Pradesh,Lucknow,Gomti Nagar-UPPCB,2/27/2022,64.00,100.00,347
Uttar Pradesh,Lucknow,Gomti Nagar-UPPCB,2/28/2022,52.00,100.00,368
Uttar Pradesh,Lucknow,Gomti Nagar-UPPCB,3/1/2022,70.00,100.00,357
Uttar Pradesh,Lucknow,Gomti Nagar-UPPCB,3/2/2022,77.00,100.00,358
Uttar Pradesh,Lucknow,Gomti Nagar-UPPCB,3/3/2022,96.00,93.00,362
Uttar Pradesh,Lucknow,Gomti Nagar-UPPCB,3/4/2022,98.00,98.00,329
Uttar Pradesh,Lucknow,Gomti Nagar-UPPCB,3/5/2022,67.00,80.00,356
Uttar Pradesh,Lucknow,Gomti Nagar-UPPCB,3/6/2022,69.00,84.00,379
Uttar Pradesh,Lucknow,Gomti Nagar-UPPCB,3/7/2022,125.00,102.00,312
Uttar Pradesh,Lucknow,Gomti Nagar-UPPCB,3/8/2022,102.00,98.00,324
Uttar Pradesh,Lucknow,Gomti Nagar-UPPCB,3/9/2022,115.00,102.00,325
Uttar Pradesh,Lucknow,Gomti Nagar-UPPCB,3/10/2022,90.00,139.00,318
Uttar Pradesh,Lucknow,Gomti Nagar-UPPCB,3/11/2022,139.00,127.00,305
Uttar Pradesh,Lucknow,Gomti Nagar-UPPCB,3/12/2022,92.00,121.00,316
Uttar Pradesh,Lucknow,Gomti Nagar-UPPCB,3/13/2022,168.00,142.00,269
Uttar Pradesh,Lucknow,Gomti Nagar-UPPCB,3/14/2022,195.00,151.00,247
Uttar Pradesh,Lucknow,Gomti Nagar-UPPCB,3/15/2022,221.00,184.00,231
Uttar Pradesh,Lucknow,Gomti Nagar-UPPCB,3/16/2022,188.00,126.00,212
Uttar Pradesh,Lucknow,Gomti Nagar-UPPCB,3/17/2022,195.00,136.00,223
Uttar Pradesh,Lucknow,Gomti Nagar-UPPCB,3/18/2022,191.00,122.00,221
Uttar Pradesh,Lucknow,Gomti Nagar-UPPCB,3/19/2022,119.00,100.00,246
Uttar Pradesh,Lucknow,Gomti Nagar-UPPCB,3/20/2022,100.00,100.00,257
Uttar Pradesh,Lucknow,Gomti Nagar-UPPCB,3/21/2022,100.00,100.00,268
Uttar Pradesh,Lucknow,Gomti Nagar-UPPCB,3/22/2022,75.00,107.00,278
Uttar Pradesh,Lucknow,Gomti Nagar-UPPCB,3/23/2022,76.00,116.00,348
Uttar Pradesh,Lucknow,Gomti Nagar-UPPCB,3/24/2022,86.00,113.00,357
Uttar Pradesh,Lucknow,Gomti Nagar-UPPCB,3/25/2022,118.00,132.00,267
Uttar Pradesh,Lucknow,Gomti Nagar-UPPCB,3/26/2022,70.00,106.00,256
Uttar Pradesh,Lucknow,Gomti Nagar-UPPCB,3/27/2022,60.00,119.00,312
Uttar Pradesh,Lucknow,Gomti Nagar-UPPCB,3/28/2022,85.00,119.00,345
Uttar Pradesh,Lucknow,Gomti Nagar-UPPCB,3/29/2022,145.50,160.00,325
Uttar Pradesh,Lucknow,Gomti Nagar-UPPCB,3/30/2022,210.00,181.00,229
Uttar Pradesh,Lucknow,Gomti Nagar-UPPCB,3/31/2022,279.00,196.00,221
Uttar Pradesh,Lucknow,Gomti Nagar-UPPCB,4/1/2022,204.00,163.00,226
Uttar Pradesh,Lucknow,Gomti Nagar-UPPCB,4/2/2022,182.00,168.00,213
Uttar Pradesh,Lucknow,Gomti Nagar-UPPCB,4/3/2022,219.00,200.00,215
Uttar Pradesh,Lucknow,Gomti Nagar-UPPCB,4/4/2022,67.00,103.00,346
Uttar Pradesh,Lucknow,Gomti Nagar-UPPCB,4/5/2022,107.00,157.00,321
Uttar Pradesh,Lucknow,Gomti Nagar-UPPCB,4/6/2022,140.00,150.00,324
Uttar Pradesh,Lucknow,Gomti Nagar-UPPCB,4/7/2022,180.00,168.00,308
Uttar Pradesh,Lucknow,Gomti Nagar-UPPCB,4/8/2022,180.00,161.00,321
Uttar Pradesh,Lucknow,Gomti Nagar-UPPCB,4/9/2022,223.00,195.00,313
Uttar Pradesh,Lucknow,Gomti Nagar-UPPCB,4/10/2022,254.00,195.00,279
Uttar Pradesh,Lucknow,Gomti Nagar-UPPCB,4/11/2022,172.00,152.00,297
Uttar Pradesh,Lucknow,Gomti Nagar-UPPCB,4/12/2022,124.00,128.00,321
Uttar Pradesh,Lucknow,Gomti Nagar-UPPCB,4/13/2022,100.00,118.00,324
Uttar Pradesh,Lucknow,Gomti Nagar-UPPCB,4/14/2022,113.00,125.00,337
Uttar Pradesh,Lucknow,Gomti Nagar-UPPCB,4/15/2022,59.00,124.00,347
Uttar Pradesh,Lucknow,Gomti Nagar-UPPCB,4/16/2022,67.00,128.00,354
Uttar Pradesh,Lucknow,Gomti Nagar-UPPCB,4/17/2022,83.00,121.00,342
Uttar Pradesh,Lucknow,Gomti Nagar-UPPCB,4/18/2022,74.00,112.00,332
Uttar Pradesh,Lucknow,Gomti Nagar-UPPCB,4/19/2022,80.00,121.00,332
Uttar Pradesh,Lucknow,Gomti Nagar-UPPCB,4/20/2022,114.00,146.00,343
Uttar Pradesh,Lucknow,Gomti Nagar-UPPCB,4/21/2022,57.00,115.00,345
Uttar Pradesh,Lucknow,Gomti Nagar-UPPCB,4/22/2022,80.00,205.00,335
Uttar Pradesh,Lucknow,Gomti Nagar-UPPCB,4/23/2022,83.00,123.00,332
Uttar Pradesh,Lucknow,Gomti Nagar-UPPCB,4/24/2022,79.00,140.00,321
Uttar Pradesh,Lucknow,Gomti Nagar-UPPCB,4/25/2022,70.00,152.00,332
Uttar Pradesh,Lucknow,Gomti Nagar-UPPCB,4/26/2022,75.00,176.00,333
Uttar Pradesh,Lucknow,Gomti Nagar-UPPCB,4/27/2022,76.00,134.00,354
Uttar Pradesh,Lucknow,Gomti Nagar-UPPCB,4/28/2022,178.00,139.00,256
Uttar Pradesh,Lucknow,Gomti Nagar-UPPCB,4/29/2022,240.00,146.00,224
Uttar Pradesh,Lucknow,Gomti Nagar-UPPCB,4/30/2022,173.00,158.00,234
Uttar Pradesh,Lucknow,Gomti Nagar-UPPCB,5/1/2022,74.00,125.00,235
Uttar Pradesh,Lucknow,Gomti Nagar-UPPCB,5/2/2022,62.00,96.00,367
Uttar Pradesh,Lucknow,Gomti Nagar-UPPCB,5/3/2022,75.00,106.00,354
Uttar Pradesh,Lucknow,Gomti Nagar-UPPCB,5/4/2022,61.00,77.00,325
Uttar Pradesh,Lucknow,Gomti Nagar-UPPCB,5/5/2022,62.00,109.00,314
Uttar Pradesh,Lucknow,Gomti Nagar-UPPCB,5/6/2022,97.00,102.00,316
Uttar Pradesh,Lucknow,Gomti Nagar-UPPCB,5/7/2022,95.00,103.00,318
Uttar Pradesh,Lucknow,Gomti Nagar-UPPCB,5/8/2022,107.00,109.00,324
Uttar Pradesh,Lucknow,Gomti Nagar-UPPCB,5/9/2022,88.00,96.00,335
Uttar Pradesh,Lucknow,Gomti Nagar-UPPCB,5/10/2022,97.00,125.00,346
Uttar Pradesh,Lucknow,Gomti Nagar-UPPCB,5/11/2022,82.00,197.00,267
Uttar Pradesh,Lucknow,Gomti Nagar-UPPCB,5/12/2022,82.00,96.00,278
Uttar Pradesh,Lucknow,Gomti Nagar-UPPCB,5/13/2022,79.00,116.00,279
Uttar Pradesh,Lucknow,Gomti Nagar-UPPCB,5/14/2022,132.00,132.00,254
Uttar Pradesh,Lucknow,Gomti Nagar-UPPCB,5/15/2022,113.00,124.00,264
Uttar Pradesh,Lucknow,Gomti Nagar-UPPCB,5/16/2022,140.00,139.00,234
Uttar Pradesh,Lucknow,Gomti Nagar-UPPCB,5/17/2022,182.00,279.00,256
Uttar Pradesh,Lucknow,Gomti Nagar-UPPCB,5/18/2022,117.00,154.00,267
Uttar Pradesh,Lucknow,Gomti Nagar-UPPCB,5/19/2022,103.00,224.00,256
Uttar Pradesh,Lucknow,Gomti Nagar-UPPCB,5/20/2022,95.00,157.00,246
Uttar Pradesh,Lucknow,Gomti Nagar-UPPCB,5/21/2022,78.00,128.00,234
Uttar Pradesh,Lucknow,Gomti Nagar-UPPCB,5/22/2022,52.00,108.00,225
Uttar Pradesh,Lucknow,Gomti Nagar-UPPCB,5/23/2022,44.00,74.00,278
Uttar Pradesh,Lucknow,Gomti Nagar-UPPCB,5/24/2022,34.00,71.00,335
Uttar Pradesh,Lucknow,Gomti Nagar-UPPCB,5/25/2022,68.00,80.00,324
Uttar Pradesh,Lucknow,Gomti Nagar-UPPCB,5/26/2022,66.00,96.00,354
Uttar Pradesh,Lucknow,Gomti Nagar-UPPCB,5/27/2022,70.00,105.00,335
Uttar Pradesh,Lucknow,Gomti Nagar-UPPCB,5/28/2022,59.00,96.00,324
Uttar Pradesh,Lucknow,Gomti Nagar-UPPCB,5/29/2022,78.00,114.00,335
Uttar Pradesh,Lucknow,Gomti Nagar-UPPCB,5/30/2022,69.00,93.00,315
Uttar Pradesh,Lucknow,Gomti Nagar-UPPCB,5/31/2022,150.00,142.00,298
Uttar Pradesh,Lucknow,Gomti Nagar-UPPCB,6/1/2022,145.00,163.00,306
Uttar Pradesh,Lucknow,Gomti Nagar-UPPCB,6/2/2022,137.00,163.00,289
Uttar Pradesh,Lucknow,Gomti Nagar-UPPCB,6/3/2022,222.00,196.00,276
Uttar Pradesh,Lucknow,Gomti Nagar-UPPCB,6/4/2022,188.00,172.00,265
Uttar Pradesh,Lucknow,Gomti Nagar-UPPCB,6/5/2022,148.00,152.00,286
Uttar Pradesh,Lucknow,Gomti Nagar-UPPCB,6/6/2022,186.00,179.00,276
Uttar Pradesh,Lucknow,Gomti Nagar-UPPCB,6/7/2022,194.00,168.00,256
Uttar Pradesh,Lucknow,Gomti Nagar-UPPCB,6/8/2022,201.00,176.00,243
Uttar Pradesh,Lucknow,Gomti Nagar-UPPCB,6/9/2022,204.00,311.00,226
Uttar Pradesh,Lucknow,Gomti Nagar-UPPCB,6/10/2022,118.00,149.00,267
Uttar Pradesh,Lucknow,Gomti Nagar-UPPCB,6/11/2022,199.00,178.00,245
Uttar Pradesh,Lucknow,Gomti Nagar-UPPCB,6/12/2022,182.00,349.00,202
Uttar Pradesh,Lucknow,Gomti Nagar-UPPCB,6/13/2022,141.00,260.00,216
Uttar Pradesh,Lucknow,Gomti Nagar-UPPCB,6/14/2022,100.00,171.00,324
Uttar Pradesh,Lucknow,Gomti Nagar-UPPCB,6/15/2022,103.00,166.00,289
Uttar Pradesh,Lucknow,Gomti Nagar-UPPCB,6/16/2022,58.00,125.00,356
Uttar Pradesh,Lucknow,Gomti Nagar-UPPCB,6/17/2022,58.00,80.00,342
Uttar Pradesh,Lucknow,Gomti Nagar-UPPCB,6/18/2022,78.00,104.00,321
Uttar Pradesh,Lucknow,Gomti Nagar-UPPCB,6/19/2022,62.00,82.00,356
Uttar Pradesh,Lucknow,Gomti Nagar-UPPCB,6/20/2022,47.00,67.00,367
Uttar Pradesh,Lucknow,Gomti Nagar-UPPCB,6/21/2022,51.00,70.00,378
Uttar Pradesh,Lucknow,Gomti Nagar-UPPCB,6/22/2022,73.00,74.00,367
Uttar Pradesh,Lucknow,Gomti Nagar-UPPCB,6/23/2022,89.00,89.00,334
Uttar Pradesh,Lucknow,Gomti Nagar-UPPCB,6/24/2022,96.00,99.00,314
Uttar Pradesh,Lucknow,Gomti Nagar-UPPCB,6/25/2022,113.00,109.00,298
Uttar Pradesh,Lucknow,Gomti Nagar-UPPCB,6/26/2022,81.00,85.00,289
Uttar Pradesh,Lucknow,Gomti Nagar-UPPCB,6/27/2022,71.00,87.00,302
Uttar Pradesh,Lucknow,Gomti Nagar-UPPCB,6/28/2022,123.00,100.00,279
Uttar Pradesh,Lucknow,Gomti Nagar-UPPCB,6/29/2022,61.00,50.00,303
Uttar Pradesh,Lucknow,Gomti Nagar-UPPCB,6/30/2022,48.00,38.00,267
Uttar Pradesh,Lucknow,Gomti Nagar-UPPCB,7/1/2022,33.00,28.00,276
Uttar Pradesh,Lucknow,Gomti Nagar-UPPCB,7/2/2022,54.00,64.00,324
Uttar Pradesh,Lucknow,Gomti Nagar-UPPCB,7/3/2022,42.00,48.00,323
Uttar Pradesh,Lucknow,Gomti Nagar-UPPCB,7/4/2022,36.00,46.00,316
Uttar Pradesh,Lucknow,Gomti Nagar-UPPCB,7/5/2022,44.00,54.00,345
Uttar Pradesh,Lucknow,Gomti Nagar-UPPCB,7/6/2022,58.00,66.00,325
Uttar Pradesh,Lucknow,Gomti Nagar-UPPCB,7/7/2022,41.00,53.00,312
Uttar Pradesh,Lucknow,Gomti Nagar-UPPCB,7/8/2022,41.00,55.00,297
Uttar Pradesh,Lucknow,Gomti Nagar-UPPCB,7/9/2022,48.00,60.00,296
Uttar Pradesh,Lucknow,Gomti Nagar-UPPCB,7/10/2022,28.00,41.00,315
Uttar Pradesh,Lucknow,Gomti Nagar-UPPCB,7/11/2022,30.00,46.00,325
Uttar Pradesh,Lucknow,Gomti Nagar-UPPCB,7/12/2022,39.00,132.00,276
Uttar Pradesh,Lucknow,Gomti Nagar-UPPCB,7/13/2022,36.00,100.00,289
Uttar Pradesh,Lucknow,Gomti Nagar-UPPCB,7/14/2022,33.00,56.00,326
Uttar Pradesh,Lucknow,Gomti Nagar-UPPCB,7/15/2022,29.00,57.00,335
Uttar Pradesh,Lucknow,Gomti Nagar-UPPCB,7/16/2022,31.00,42.00,347
Uttar Pradesh,Lucknow,Gomti Nagar-UPPCB,7/17/2022,33.00,44.00,345
Uttar Pradesh,Lucknow,Gomti Nagar-UPPCB,7/18/2022,29.00,50.00,367
Uttar Pradesh,Lucknow,Gomti Nagar-UPPCB,7/19/2022,48.00,55.00,356
Uttar Pradesh,Lucknow,Gomti Nagar-UPPCB,7/20/2022,38.50,55.00,345
Uttar Pradesh,Lucknow,Gomti Nagar-UPPCB,7/21/2022,29.00,38.00,314
Uttar Pradesh,Lucknow,Gomti Nagar-UPPCB,7/22/2022,37.00,38.00,325
Uttar Pradesh,Lucknow,Gomti Nagar-UPPCB,7/23/2022,28.00,30.00,334
Uttar Pradesh,Lucknow,Gomti Nagar-UPPCB,7/24/2022,32.00,33.00,345
Uttar Pradesh,Lucknow,Gomti Nagar-UPPCB,7/25/2022,36.00,38.00,289
Uttar Pradesh,Lucknow,Gomti Nagar-UPPCB,7/26/2022,39.00,33.00,278
Uttar Pradesh,Lucknow,Gomti Nagar-UPPCB,7/27/2022,47.00,70.00,267
Uttar Pradesh,Lucknow,Gomti Nagar-UPPCB,7/28/2022,24.00,44.00,314
Uttar Pradesh,Lucknow,Gomti Nagar-UPPCB,7/29/2022,26.00,29.00,325
Uttar Pradesh,Lucknow,Gomti Nagar-UPPCB,7/30/2022,28.00,31.00,336
Uttar Pradesh,Lucknow,Gomti Nagar-UPPCB,7/31/2022,26.00,42.00,345
Uttar Pradesh,Lucknow,Gomti Nagar-UPPCB,8/1/2022,27.00,53.00,334
Uttar Pradesh,Lucknow,Gomti Nagar-UPPCB,8/2/2022,25.00,42.00,342
Uttar Pradesh,Lucknow,Gomti Nagar-UPPCB,8/3/2022,19.00,26.00,315
Uttar Pradesh,Lucknow,Gomti Nagar-UPPCB,8/4/2022,28.00,32.00,299
Uttar Pradesh,Lucknow,Gomti Nagar-UPPCB,8/5/2022,57.00,59.00,296
Uttar Pradesh,Lucknow,Gomti Nagar-UPPCB,8/6/2022,59.00,68.00,287
Uttar Pradesh,Lucknow,Gomti Nagar-UPPCB,8/7/2022,32.00,45.00,293
Uttar Pradesh,Lucknow,Gomti Nagar-UPPCB,8/8/2022,19.00,28.00,295
Uttar Pradesh,Lucknow,Gomti Nagar-UPPCB,8/9/2022,26.00,34.00,312
Uttar Pradesh,Lucknow,Gomti Nagar-UPPCB,8/10/2022,15.00,32.00,324
Uttar Pradesh,Lucknow,Gomti Nagar-UPPCB,8/11/2022,17.00,37.00,327
Uttar Pradesh,Lucknow,Gomti Nagar-UPPCB,8/12/2022,22.00,28.00,319
Uttar Pradesh,Lucknow,Gomti Nagar-UPPCB,8/13/2022,30.00,38.00,309
Uttar Pradesh,Lucknow,Gomti Nagar-UPPCB,8/14/2022,33.00,55.00,296
Uttar Pradesh,Lucknow,Gomti Nagar-UPPCB,8/15/2022,31.00,32.00,305
Uttar Pradesh,Lucknow,Gomti Nagar-UPPCB,8/16/2022,32.00,47.00,303
Uttar Pradesh,Lucknow,Gomti Nagar-UPPCB,8/17/2022,31.00,57.00,324
Uttar Pradesh,Lucknow,Gomti Nagar-UPPCB,8/18/2022,24.00,51.00,336
Uttar Pradesh,Lucknow,Gomti Nagar-UPPCB,8/19/2022,36.00,55.00,321
Uttar Pradesh,Lucknow,Gomti Nagar-UPPCB,8/20/2022,26.00,11.00,335
Uttar Pradesh,Lucknow,Gomti Nagar-UPPCB,8/21/2022,12.00,23.00,318
Uttar Pradesh,Lucknow,Gomti Nagar-UPPCB,8/22/2022,32.00,48.00,304
Uttar Pradesh,Lucknow,Gomti Nagar-UPPCB,8/23/2022,38.00,36.00,308
Uttar Pradesh,Lucknow,Gomti Nagar-UPPCB,8/24/2022,30.00,37.00,312
Uttar Pradesh,Lucknow,Gomti Nagar-UPPCB,8/25/2022,39.00,52.00,309
Uttar Pradesh,Lucknow,Gomti Nagar-UPPCB,8/26/2022,40.00,48.00,318
Uttar Pradesh,Lucknow,Gomti Nagar-UPPCB,8/27/2022,48.00,62.00,296
Uttar Pradesh,Lucknow,Gomti Nagar-UPPCB,8/28/2022,60.00,88.00,279
Uttar Pradesh,Lucknow,Gomti Nagar-UPPCB,8/29/2022,43.00,56.00,256
Uttar Pradesh,Lucknow,Gomti Nagar-UPPCB,8/30/2022,55.00,53.00,254
Uttar Pradesh,Lucknow,Gomti Nagar-UPPCB,8/31/2022,65.00,64.00,234
Uttar Pradesh,Lucknow,Gomti Nagar-UPPCB,9/1/2022,69.00,70.00,236
Uttar Pradesh,Lucknow,Gomti Nagar-UPPCB,9/2/2022,34.00,63.00,246
Uttar Pradesh,Lucknow,Gomti Nagar-UPPCB,9/3/2022,40.00,42.00,276
Uttar Pradesh,Lucknow,Gomti Nagar-UPPCB,9/4/2022,48.00,59.00,287
Uttar Pradesh,Lucknow,Gomti Nagar-UPPCB,9/5/2022,55.00,73.00,297
Uttar Pradesh,Lucknow,Gomti Nagar-UPPCB,9/6/2022,56.00,70.00,278
Uttar Pradesh,Lucknow,Gomti Nagar-UPPCB,9/7/2022,97.00,84.00,297
Uttar Pradesh,Lucknow,Gomti Nagar-UPPCB,9/8/2022,84.00,74.00,278
Uttar Pradesh,Lucknow,Gomti Nagar-UPPCB,9/9/2022,84.00,62.00,264
Uttar Pradesh,Lucknow,Gomti Nagar-UPPCB,9/10/2022,54.00,69.00,276
Uttar Pradesh,Lucknow,Gomti Nagar-UPPCB,9/11/2022,56.00,88.00,267
Uttar Pradesh,Lucknow,Gomti Nagar-UPPCB,9/12/2022,30.00,60.00,278
Uttar Pradesh,Lucknow,Gomti Nagar-UPPCB,9/13/2022,26.00,46.00,317
Uttar Pradesh,Lucknow,Gomti Nagar-UPPCB,9/14/2022,29.00,34.00,304
Uttar Pradesh,Lucknow,Gomti Nagar-UPPCB,9/15/2022,22.00,29.00,296
Uttar Pradesh,Lucknow,Gomti Nagar-UPPCB,9/16/2022,19.00,27.00,267
Uttar Pradesh,Lucknow,Gomti Nagar-UPPCB,9/17/2022,30.00,42.00,287
Uttar Pradesh,Lucknow,Gomti Nagar-UPPCB,9/18/2022,31.00,57.00,295
Uttar Pradesh,Lucknow,Gomti Nagar-UPPCB,9/19/2022,57.00,106.00,275
Uttar Pradesh,Lucknow,Gomti Nagar-UPPCB,9/20/2022,54.00,77.00,267
Uttar Pradesh,Lucknow,Gomti Nagar-UPPCB,9/21/2022,36.00,56.00,278
Uttar Pradesh,Lucknow,Gomti Nagar-UPPCB,9/22/2022,46.00,68.00,268
Uttar Pradesh,Lucknow,Gomti Nagar-UPPCB,9/23/2022,66.00,80.00,247
Uttar Pradesh,Lucknow,Gomti Nagar-UPPCB,9/24/2022,42.00,59.00,256
Uttar Pradesh,Lucknow,Gomti Nagar-UPPCB,9/25/2022,48.00,77.00,267
Uttar Pradesh,Lucknow,Gomti Nagar-UPPCB,9/26/2022,44.00,64.00,256
Uttar Pradesh,Lucknow,Gomti Nagar-UPPCB,9/27/2022,55.00,99.00,245
Uttar Pradesh,Lucknow,Gomti Nagar-UPPCB,9/28/2022,60.00,106.00,257
Uttar Pradesh,Lucknow,Gomti Nagar-UPPCB,9/29/2022,92.00,160.00,224
Uttar Pradesh,Lucknow,Gomti Nagar-UPPCB,9/30/2022,94.00,115.00,245
Uttar Pradesh,Lucknow,Gomti Nagar-UPPCB,10/1/2022,102.00,110.00,256
Uttar Pradesh,Lucknow,Gomti Nagar-UPPCB,10/2/2022,107.00,106.00,265
Uttar Pradesh,Lucknow,Gomti Nagar-UPPCB,10/3/2022,123.00,128.00,245
Uttar Pradesh,Lucknow,Gomti Nagar-UPPCB,10/4/2022,103.00,103.00,256
Uttar Pradesh,Lucknow,Gomti Nagar-UPPCB,10/5/2022,22.00,27.00,278
Uttar Pradesh,Lucknow,Gomti Nagar-UPPCB,10/6/2022,21.00,10.00,289
Uttar Pradesh,Lucknow,Gomti Nagar-UPPCB,10/7/2022,21.00,33.00,267
Uttar Pradesh,Lucknow,Gomti Nagar-UPPCB,10/8/2022,23.00,35.00,269
Uttar Pradesh,Lucknow,Gomti Nagar-UPPCB,10/9/2022,28.00,48.00,267
Uttar Pradesh,Lucknow,Gomti Nagar-UPPCB,10/10/2022,29.00,30.00,278
Uttar Pradesh,Lucknow,Gomti Nagar-UPPCB,10/11/2022,30.00,43.00,298
Uttar Pradesh,Lucknow,Gomti Nagar-UPPCB,10/12/2022,42.00,80.00,272
Uttar Pradesh,Lucknow,Gomti Nagar-UPPCB,10/13/2022,53.00,101.00,268
Uttar Pradesh,Lucknow,Gomti Nagar-UPPCB,10/14/2022,76.00,89.00,274
Uttar Pradesh,Lucknow,Gomti Nagar-UPPCB,10/15/2022,89.00,113.00,267
Uttar Pradesh,Lucknow,Gomti Nagar-UPPCB,10/16/2022,71.00,95.00,292
Uttar Pradesh,Lucknow,Gomti Nagar-UPPCB,10/17/2022,64.00,90.00,287
Uttar Pradesh,Lucknow,Gomti Nagar-UPPCB,10/18/2022,94.00,118.00,284
Uttar Pradesh,Lucknow,Gomti Nagar-UPPCB,10/19/2022,139.00,145.00,265
Uttar Pradesh,Lucknow,Gomti Nagar-UPPCB,10/20/2022,125.00,140.00,271
Uttar Pradesh,Lucknow,Gomti Nagar-UPPCB,10/21/2022,137.00,152.00,281
Uttar Pradesh,Lucknow,Gomti Nagar-UPPCB,10/22/2022,138.00,150.00,276
Uttar Pradesh,Lucknow,Gomti Nagar-UPPCB,10/23/2022,136.00,140.00,273
Uttar Pradesh,Lucknow,Gomti Nagar-UPPCB,10/24/2022,131.00,122.00,267
Uttar Pradesh,Lucknow,Gomti Nagar-UPPCB,10/25/2022,170.00,165.00,256
Uttar Pradesh,Lucknow,Gomti Nagar-UPPCB,10/26/2022,218.00,235.00,234
Uttar Pradesh,Lucknow,Gomti Nagar-UPPCB,10/27/2022,176.00,222.00,232
Uttar Pradesh,Lucknow,Gomti Nagar-UPPCB,10/28/2022,173.00,163.00,245
Uttar Pradesh,Lucknow,Gomti Nagar-UPPCB,10/29/2022,161.00,148.00,256
Uttar Pradesh,Lucknow,Gomti Nagar-UPPCB,10/30/2022,175.00,145.00,235
Uttar Pradesh,Lucknow,Gomti Nagar-UPPCB,10/31/2022,176.00,151.00,245
Uttar Pradesh,Lucknow,Gomti Nagar-UPPCB,11/1/2022,172.00,150.00,253
Uttar Pradesh,Lucknow,Gomti Nagar-UPPCB,11/2/2022,116.00,125.00,262
Uttar Pradesh,Lucknow,Gomti Nagar-UPPCB,11/3/2022,150.00,154.00,259
Uttar Pradesh,Lucknow,Gomti Nagar-UPPCB,11/4/2022,280.00,219.00,254
Uttar Pradesh,Lucknow,Gomti Nagar-UPPCB,11/5/2022,178.00,163.00,253
Uttar Pradesh,Lucknow,Gomti Nagar-UPPCB,11/6/2022,142.00,148.00,267
Uttar Pradesh,Lucknow,Gomti Nagar-UPPCB,11/7/2022,113.00,122.00,274
Uttar Pradesh,Lucknow,Gomti Nagar-UPPCB,11/8/2022,106.00,119.00,284
Uttar Pradesh,Lucknow,Gomti Nagar-UPPCB,11/9/2022,142.00,139.00,272
Uttar Pradesh,Lucknow,Gomti Nagar-UPPCB,11/10/2022,186.00,156.00,263
Uttar Pradesh,Lucknow,Gomti Nagar-UPPCB,11/11/2022,172.00,153.00,264
Uttar Pradesh,Lucknow,Gomti Nagar-UPPCB,11/12/2022,138.00,166.00,276
Uttar Pradesh,Lucknow,Gomti Nagar-UPPCB,11/13/2022,148.00,160.00,273
Uttar Pradesh,Lucknow,Gomti Nagar-UPPCB,11/14/2022,171.00,167.00,282
Uttar Pradesh,Lucknow,Gomti Nagar-UPPCB,11/15/2022,177.00,182.00,275
Uttar Pradesh,Lucknow,Gomti Nagar-UPPCB,11/16/2022,130.00,124.00,293
Uttar Pradesh,Lucknow,Gomti Nagar-UPPCB,11/17/2022,159.00,137.00,289
Uttar Pradesh,Lucknow,Gomti Nagar-UPPCB,11/18/2022,210.00,145.00,267
Uttar Pradesh,Lucknow,Gomti Nagar-UPPCB,11/19/2022,68.00,121.00,295
Uttar Pradesh,Lucknow,Gomti Nagar-UPPCB,11/20/2022,74.00,120.00,276
Uttar Pradesh,Lucknow,Gomti Nagar-UPPCB,11/21/2022,70.00,123.00,273
Uttar Pradesh,Lucknow,Gomti Nagar-UPPCB,11/22/2022,58.00,110.00,302
Uttar Pradesh,Lucknow,Gomti Nagar-UPPCB,11/23/2022,107.00,115.00,267
Uttar Pradesh,Lucknow,Gomti Nagar-UPPCB,11/24/2022,156.00,134.00,276
Uttar Pradesh,Lucknow,Gomti Nagar-UPPCB,11/25/2022,224.00,168.00,243
Uttar Pradesh,Lucknow,Gomti Nagar-UPPCB,11/26/2022,117.00,114.00,254
Uttar Pradesh,Lucknow,Gomti Nagar-UPPCB,11/27/2022,141.00,119.00,261
Uttar Pradesh,Lucknow,Gomti Nagar-UPPCB,11/28/2022,142.00,121.00,252
Uttar Pradesh,Lucknow,Gomti Nagar-UPPCB,11/29/2022,143.00,73.00,273
Uttar Pradesh,Lucknow,Gomti Nagar-UPPCB,11/30/2022,162.00,131.00,262
Uttar Pradesh,Lucknow,Gomti Nagar-UPPCB,12/1/2022,114.00,108.00,285
Uttar Pradesh,Lucknow,Gomti Nagar-UPPCB,12/2/2022,177.00,130.00,282
Uttar Pradesh,Lucknow,Gomti Nagar-UPPCB,12/3/2022,136.00,113.00,299
Uttar Pradesh,Lucknow,Gomti Nagar-UPPCB,12/4/2022,151.00,116.00,276
Uttar Pradesh,Lucknow,Gomti Nagar-UPPCB,12/5/2022,181.00,134.00,272
Uttar Pradesh,Lucknow,Gomti Nagar-UPPCB,12/6/2022,188.00,136.00,293
Uttar Pradesh,Lucknow,Gomti Nagar-UPPCB,12/7/2022,137.00,116.00,326
Uttar Pradesh,Lucknow,Gomti Nagar-UPPCB,12/8/2022,149.00,129.00,306
Uttar Pradesh,Lucknow,Gomti Nagar-UPPCB,12/9/2022,200.00,128.00,298
Uttar Pradesh,Lucknow,Gomti Nagar-UPPCB,12/10/2022,158.00,99.00,287
Uttar Pradesh,Lucknow,Gomti Nagar-UPPCB,12/11/2022,156.00,100.00,284
Uttar Pradesh,Lucknow,Gomti Nagar-UPPCB,12/12/2022,132.00,94.00,303
Uttar Pradesh,Lucknow,Gomti Nagar-UPPCB,12/13/2022,85.00,69.00,324
Uttar Pradesh,Lucknow,Gomti Nagar-UPPCB,12/14/2022,69.00,60.00,337
Uttar Pradesh,Lucknow,Gomti Nagar-UPPCB,12/15/2022,77.00,65.00,339
Uttar Pradesh,Lucknow,Gomti Nagar-UPPCB,12/16/2022,92.00,72.00,317
Uttar Pradesh,Lucknow,Gomti Nagar-UPPCB,12/17/2022,120.00,87.00,304
Uttar Pradesh,Lucknow,Gomti Nagar-UPPCB,12/18/2022,206.00,118.00,278
Uttar Pradesh,Lucknow,Gomti Nagar-UPPCB,12/19/2022,235.00,134.00,259
Uttar Pradesh,Lucknow,Gomti Nagar-UPPCB,12/20/2022,101.00,89.00,337
Uttar Pradesh,Lucknow,Gomti Nagar-UPPCB,12/21/2022,106.00,92.00,346
Uttar Pradesh,Lucknow,Gomti Nagar-UPPCB,12/22/2022,83.00,72.00,351
Uttar Pradesh,Lucknow,Gomti Nagar-UPPCB,12/23/2022,219.00,164.00,248
Uttar Pradesh,Lucknow,Gomti Nagar-UPPCB,12/24/2022,127.00,144.00,294
Uttar Pradesh,Lucknow,Gomti Nagar-UPPCB,12/25/2022,182.00,185.00,265
Uttar Pradesh,Lucknow,Gomti Nagar-UPPCB,12/26/2022,192.00,198.00,272
Uttar Pradesh,Lucknow,Gomti Nagar-UPPCB,12/27/2022,129.00,173.00,262
Uttar Pradesh,Lucknow,Gomti Nagar-UPPCB,12/28/2022,84.00,174.00,287
Uttar Pradesh,Lucknow,Gomti Nagar-UPPCB,12/29/2022,104.00,197.00,271
Uttar Pradesh,Lucknow,Gomti Nagar-UPPCB,12/30/2022,110.00,205.00,269
Uttar Pradesh,Lucknow,Gomti Nagar-UPPCB,12/31/2022,125.00,222.00,245
Uttar Pradesh,Lucknow,Gomti Nagar-UPPCB,1/1/2023,93.00,188.00,278
Uttar Pradesh,Lucknow,Gomti Nagar-UPPCB,1/2/2023,73.00,159.00,291
Uttar Pradesh,Lucknow,Gomti Nagar-UPPCB,1/3/2023,87.00,178.00,290
Uttar Pradesh,Lucknow,Gomti Nagar-UPPCB,1/4/2023,54.00,134.00,324
Uttar Pradesh,Lucknow,Gomti Nagar-UPPCB,1/5/2023,58.00,140.00,321
Uttar Pradesh,Lucknow,Gomti Nagar-UPPCB,1/6/2023,82.00,171.00,318
Uttar Pradesh,Lucknow,Gomti Nagar-UPPCB,1/7/2023,79.00,169.00,334
Uttar Pradesh,Lucknow,Gomti Nagar-UPPCB,1/8/2023,130.00,226.00,267
Uttar Pradesh,Lucknow,Gomti Nagar-UPPCB,1/9/2023,113.00,206.00,286
Uttar Pradesh,Lucknow,Gomti Nagar-UPPCB,1/10/2023,125.00,165.00,297
Uttar Pradesh,Lucknow,Gomti Nagar-UPPCB,1/11/2023,118.00,156.00,277
Uttar Pradesh,Lucknow,Gomti Nagar-UPPCB,1/12/2023,105.00,142.00,278
Uttar Pradesh,Lucknow,Gomti Nagar-UPPCB,1/13/2023,257.00,167.00,232
Uttar Pradesh,Lucknow,Gomti Nagar-UPPCB,1/14/2023,128.00,132.00,276
Uttar Pradesh,Lucknow,Gomti Nagar-UPPCB,1/15/2023,75.00,102.00,326
Uttar Pradesh,Lucknow,Gomti Nagar-UPPCB,1/16/2023,56.00,80.00,312
Uttar Pradesh,Lucknow,Gomti Nagar-UPPCB,1/17/2023,64.00,89.00,301
Uttar Pradesh,Lucknow,Gomti Nagar-UPPCB,1/18/2023,81.00,103.00,306
Uttar Pradesh,Lucknow,Gomti Nagar-UPPCB,1/19/2023,103.00,113.00,309
Uttar Pradesh,Lucknow,Gomti Nagar-UPPCB,1/20/2023,152.00,139.00,286
Uttar Pradesh,Lucknow,Gomti Nagar-UPPCB,1/21/2023,69.00,95.00,316
Uttar Pradesh,Lucknow,Gomti Nagar-UPPCB,1/22/2023,50.00,80.00,327
Uttar Pradesh,Lucknow,Gomti Nagar-UPPCB,1/23/2023,50.00,60.00,309
Uttar Pradesh,Lucknow,Gomti Nagar-UPPCB,1/24/2023,54.00,74.00,299
Uttar Pradesh,Lucknow,Gomti Nagar-UPPCB,1/25/2023,62.00,88.00,267
Uttar Pradesh,Lucknow,Gomti Nagar-UPPCB,1/26/2023,22.00,37.00,256
Uttar Pradesh,Lucknow,Gomti Nagar-UPPCB,1/27/2023,87.00,81.00,306
Uttar Pradesh,Lucknow,Gomti Nagar-UPPCB,1/28/2023,111.00,98.00,326
Uttar Pradesh,Lucknow,Gomti Nagar-UPPCB,1/29/2023,210.00,134.00,354
Uttar Pradesh,Lucknow,Gomti Nagar-UPPCB,1/30/2023,173.00,129.00,265
Uttar Pradesh,Lucknow,Gomti Nagar-UPPCB,1/31/2023,72.00,68.00,296
Uttar Pradesh,Lucknow,Gomti Nagar-UPPCB,2/1/2023,63.00,64.00,308
Uttar Pradesh,Lucknow,Gomti Nagar-UPPCB,2/2/2023,112.00,94.00,324
Uttar Pradesh,Lucknow,Gomti Nagar-UPPCB,2/3/2023,181.00,120.00,344
Uttar Pradesh,Lucknow,Gomti Nagar-UPPCB,2/4/2023,139.00,109.00,278
Uttar Pradesh,Lucknow,Gomti Nagar-UPPCB,2/5/2023,127.00,99.00,267
Uttar Pradesh,Lucknow,Gomti Nagar-UPPCB,2/6/2023,177.00,121.00,268
Uttar Pradesh,Lucknow,Gomti Nagar-UPPCB,2/7/2023,182.00,121.00,256
Uttar Pradesh,Lucknow,Gomti Nagar-UPPCB,2/8/2023,99.00,87.00,309
Uttar Pradesh,Lucknow,Gomti Nagar-UPPCB,2/9/2023,92.00,87.00,287
Uttar Pradesh,Lucknow,Gomti Nagar-UPPCB,2/10/2023,179.00,119.00,270
Uttar Pradesh,Lucknow,Gomti Nagar-UPPCB,2/11/2023,131.00,103.00,275
Uttar Pradesh,Lucknow,Gomti Nagar-UPPCB,2/12/2023,133.00,106.00,280
Uttar Pradesh,Lucknow,Gomti Nagar-UPPCB,2/13/2023,108.00,91.00,285
Uttar Pradesh,Lucknow,Gomti Nagar-UPPCB,2/14/2023,140.00,107.00,290
Uttar Pradesh,Lucknow,Gomti Nagar-UPPCB,2/15/2023,165.00,118.00,295
Uttar Pradesh,Lucknow,Gomti Nagar-UPPCB,2/16/2023,237.00,155.00,296
Uttar Pradesh,Lucknow,Gomti Nagar-UPPCB,2/17/2023,85.00,104.00,297
Uttar Pradesh,Lucknow,Gomti Nagar-UPPCB,2/18/2023,87.00,103.00,278
Uttar Pradesh,Lucknow,Gomti Nagar-UPPCB,2/19/2023,70.00,95.00,299
Uttar Pradesh,Lucknow,Gomti Nagar-UPPCB,2/20/2023,83.00,104.00,301
Uttar Pradesh,Lucknow,Gomti Nagar-UPPCB,2/21/2023,53.00,77.00,303
Uttar Pradesh,Lucknow,Gomti Nagar-UPPCB,2/22/2023,67.00,90.00,305
Uttar Pradesh,Lucknow,Gomti Nagar-UPPCB,2/23/2023,35.00,57.00,340
Uttar Pradesh,Lucknow,Gomti Nagar-UPPCB,2/24/2023,57.00,74.00,335
Uttar Pradesh,Lucknow,Gomti Nagar-UPPCB,2/25/2023,49.00,73.00,330
Uttar Pradesh,Lucknow,Gomti Nagar-UPPCB,2/26/2023,79.00,96.00,325
Uttar Pradesh,Lucknow,Gomti Nagar-UPPCB,2/27/2023,64.00,89.00,320
Uttar Pradesh,Lucknow,Gomti Nagar-UPPCB,2/28/2023,84.00,102.00,332
Uttar Pradesh,Lucknow,Gomti Nagar-UPPCB,3/1/2023,58.00,82.00,334
Uttar Pradesh,Lucknow,Gomti Nagar-UPPCB,3/2/2023,45.00,69.00,312
Uttar Pradesh,Lucknow,Gomti Nagar-UPPCB,3/3/2023,36.00,58.00,334
Uttar Pradesh,Lucknow,Gomti Nagar-UPPCB,3/4/2023,32.00,53.00,321
Uttar Pradesh,Lucknow,Gomti Nagar-UPPCB,3/5/2023,35.00,57.00,307
Uttar Pradesh,Lucknow,Gomti Nagar-UPPCB,3/6/2023,30.00,50.00,297
Uttar Pradesh,Lucknow,Gomti Nagar-UPPCB,3/7/2023,28.00,49.00,289
Uttar Pradesh,Lucknow,Gomti Nagar-UPPCB,3/8/2023,45.00,67.00,287
Uttar Pradesh,Lucknow,Gomti Nagar-UPPCB,3/9/2023,11.00,28.00,267
Uttar Pradesh,Lucknow,Gomti Nagar-UPPCB,3/10/2023,13.00,31.00,276
Uttar Pradesh,Lucknow,Gomti Nagar-UPPCB,3/11/2023,32.00,53.00,299
Uttar Pradesh,Lucknow,Gomti Nagar-UPPCB,3/12/2023,42.00,65.00,306
Uttar Pradesh,Lucknow,Gomti Nagar-UPPCB,3/13/2023,42.00,65.00,308
Uttar Pradesh,Lucknow,Gomti Nagar-UPPCB,3/14/2023,54.00,78.00,323
Uttar Pradesh,Lucknow,Gomti Nagar-UPPCB,3/15/2023,186.00,109.00,238
Uttar Pradesh,Lucknow,Gomti Nagar-UPPCB,3/16/2023,84.00,76.00,298
Uttar Pradesh,Lucknow,Gomti Nagar-UPPCB,3/17/2023,46.00,49.00,327
Uttar Pradesh,Lucknow,Gomti Nagar-UPPCB,3/18/2023,58.00,60.00,303
Uttar Pradesh,Lucknow,Gomti Nagar-UPPCB,3/19/2023,87.00,82.00,307
Uttar Pradesh,Lucknow,Gomti Nagar-UPPCB,3/20/2023,39.00,41.00,304
Uttar Pradesh,Lucknow,Gomti Nagar-UPPCB,3/21/2023,32.00,35.00,300
Uttar Pradesh,Lucknow,Gomti Nagar-UPPCB,3/22/2023,12.00,16.00,295
Uttar Pradesh,Lucknow,Gomti Nagar-UPPCB,3/23/2023,26.00,26.00,297
Uttar Pradesh,Lucknow,Gomti Nagar-UPPCB,3/24/2023,133.00,108.00,299
Uttar Pradesh,Lucknow,Gomti Nagar-UPPCB,3/25/2023,77.00,80.00,298
Uttar Pradesh,Lucknow,Gomti Nagar-UPPCB,3/26/2023,61.00,62.00,327
Uttar Pradesh,Lucknow,Gomti Nagar-UPPCB,3/27/2023,85.00,79.00,322
Uttar Pradesh,Lucknow,Gomti Nagar-UPPCB,3/28/2023,90.00,84.00,321
Uttar Pradesh,Lucknow,Gomti Nagar-UPPCB,3/29/2023,80.00,76.00,324
Uttar Pradesh,Lucknow,Gomti Nagar-UPPCB,3/30/2023,94.00,85.00,333
Uttar Pradesh,Lucknow,Gomti Nagar-UPPCB,3/31/2023,108.00,79.00,317
Uttar Pradesh,Lucknow,Gomti Nagar-UPPCB,4/1/2023,24.00,25.00,380
Uttar Pradesh,Lucknow,Gomti Nagar-UPPCB,4/2/2023,43.00,46.00,370
Uttar Pradesh,Lucknow,Gomti Nagar-UPPCB,4/3/2023,54.00,56.00,315
Uttar Pradesh,Lucknow,Gomti Nagar-UPPCB,4/4/2023,51.00,54.00,328
Uttar Pradesh,Lucknow,Gomti Nagar-UPPCB,4/5/2023,49.00,52.00,339
Uttar Pradesh,Lucknow,Gomti Nagar-UPPCB,4/6/2023,96.00,86.00,317
Uttar Pradesh,Lucknow,Gomti Nagar-UPPCB,4/7/2023,73.00,70.00,321
Uttar Pradesh,Lucknow,Gomti Nagar-UPPCB,4/8/2023,94.00,87.00,319
Uttar Pradesh,Lucknow,Gomti Nagar-UPPCB,4/9/2023,93.00,76.00,331
Uttar Pradesh,Lucknow,Gomti Nagar-UPPCB,4/10/2023,111.00,93.00,329
Uttar Pradesh,Lucknow,Gomti Nagar-UPPCB,4/11/2023,117.00,95.00,327
Uttar Pradesh,Lucknow,Gomti Nagar-UPPCB,4/12/2023,127.00,103.00,311
Uttar Pradesh,Lucknow,Gomti Nagar-UPPCB,4/13/2023,164.00,116.00,297
Uttar Pradesh,Lucknow,Gomti Nagar-UPPCB,4/14/2023,173.00,119.00,298
Uttar Pradesh,Lucknow,Gomti Nagar-UPPCB,4/15/2023,173.00,119.00,296
Uttar Pradesh,Lucknow,Gomti Nagar-UPPCB,4/16/2023,177.00,122.00,293
Uttar Pradesh,Lucknow,Gomti Nagar-UPPCB,4/17/2023,194.00,125.00,289
Uttar Pradesh,Lucknow,Gomti Nagar-UPPCB,4/18/2023,148.00,109.00,308
Uttar Pradesh,Lucknow,Gomti Nagar-UPPCB,4/19/2023,165.00,117.00,307
Uttar Pradesh,Lucknow,Gomti Nagar-UPPCB,4/20/2023,195.00,126.00,296
Uttar Pradesh,Lucknow,Gomti Nagar-UPPCB,4/21/2023,182.00,134.00,298
Uttar Pradesh,Lucknow,Gomti Nagar-UPPCB,4/22/2023,54.00,63.00,331
Uttar Pradesh,Lucknow,Gomti Nagar-UPPCB,4/23/2023,64.00,73.00,328
Uttar Pradesh,Lucknow,Gomti Nagar-UPPCB,4/24/2023,49.00,56.00,332
Uttar Pradesh,Lucknow,Gomti Nagar-UPPCB,4/25/2023,25.00,34.00,354
Uttar Pradesh,Lucknow,Gomti Nagar-UPPCB,4/26/2023,50.00,57.00,351
Uttar Pradesh,Lucknow,Gomti Nagar-UPPCB,4/27/2023,41.00,51.00,347
Uttar Pradesh,Lucknow,Gomti Nagar-UPPCB,4/28/2023,96.00,93.00,341
Uttar Pradesh,Lucknow,Gomti Nagar-UPPCB,4/29/2023,45.00,55.00,342
Uttar Pradesh,Lucknow,Gomti Nagar-UPPCB,4/30/2023,58.00,68.00,334
Uttar Pradesh,Lucknow,Gomti Nagar-UPPCB,5/1/2023,9.00,17.00,365
Uttar Pradesh,Lucknow,Gomti Nagar-UPPCB,5/2/2023,10.00,20.00,350
Uttar Pradesh,Lucknow,Gomti Nagar-UPPCB,5/3/2023,32.00,39.00,349
Uttar Pradesh,Lucknow,Gomti Nagar-UPPCB,5/4/2023,20.00,9.00,351
Uttar Pradesh,Lucknow,Gomti Nagar-UPPCB,5/5/2023,22.00,26.00,356
Uttar Pradesh,Lucknow,Gomti Nagar-UPPCB,5/6/2023,31.00,41.00,345
Uttar Pradesh,Lucknow,Gomti Nagar-UPPCB,5/7/2023,60.00,70.00,308
Uttar Pradesh,Lucknow,Gomti Nagar-UPPCB,5/8/2023,55.00,64.00,309
Uttar Pradesh,Lucknow,Gomti Nagar-UPPCB,5/9/2023,59.00,68.00,311
Uttar Pradesh,Lucknow,Gomti Nagar-UPPCB,5/10/2023,59.00,69.00,314
Uttar Pradesh,Lucknow,Gomti Nagar-UPPCB,5/11/2023,60.00,70.00,313
Uttar Pradesh,Lucknow,Gomti Nagar-UPPCB,5/12/2023,99.00,94.00,301
Uttar Pradesh,Lucknow,Gomti Nagar-UPPCB,5/13/2023,65.00,75.00,312
Uttar Pradesh,Lucknow,Gomti Nagar-UPPCB,5/14/2023,78.00,86.00,300
Uttar Pradesh,Lucknow,Gomti Nagar-UPPCB,5/15/2023,125.00,108.00,293
Uttar Pradesh,Lucknow,Gomti Nagar-UPPCB,5/16/2023,113.00,97.00,297